{"cameraMode":{"drawMode":0,"name":"Shaded","section":"Shading Mode"},"sceneLighting":false,"audioPlay":false,"sceneViewState":{"showFog":true,"showMaterialUpdate":false,"showSkybox":false,"showFlares":true,"showImageEffects":true,"showParticleSystems":true},"in2DMode":false,"pivot":{"x":4.220001220703125,"y":-0.002500000409781933,"z":18.128067016601564},"rotation":{"x":-0.6877069473266602,"y":-0.009998698718845845,"z":0.00947391614317894,"w":-0.7258834838867188},"size":233.3452606201172,"orthographic":false}