{"cameraMode":{"drawMode":0,"name":"Shaded","section":"Shading Mode"},"sceneLighting":true,"audioPlay":false,"sceneViewState":{"showFog":false,"showMaterialUpdate":false,"showSkybox":false,"showFlares":false,"showImageEffects":false,"showParticleSystems":false},"in2DMode":false,"pivot":{"x":7.375175476074219,"y":-31.215665817260743,"z":-11.870732307434082},"rotation":{"x":-0.024273762479424478,"y":0.8232428431510925,"z":-0.5661142468452454,"w":-0.03532007709145546},"size":35.614620208740237,"orthographic":false}