{"cameraMode":{"drawMode":0,"name":"Shaded","section":"Shading Mode"},"sceneLighting":true,"audioPlay":false,"sceneViewState":{"showFog":false,"showMaterialUpdate":false,"showSkybox":false,"showFlares":false,"showImageEffects":false,"showParticleSystems":false},"in2DMode":false,"pivot":{"x":32.705055236816409,"y":-11.331696510314942,"z":-2.920729398727417},"rotation":{"x":0.02336392179131508,"y":-0.8556788563728333,"z":0.5156986117362976,"w":0.03840578719973564},"size":18.89818000793457,"orthographic":false}