{"cameraMode":{"drawMode":0,"name":"Shaded","section":"Shading Mode"},"sceneLighting":false,"audioPlay":false,"sceneViewState":{"showFog":true,"showMaterialUpdate":false,"showSkybox":false,"showFlares":true,"showImageEffects":true,"showParticleSystems":true},"in2DMode":false,"pivot":{"x":29.989675521850587,"y":0.058700017631053928,"z":-0.08013737201690674},"rotation":{"x":-0.7361178398132324,"y":-0.009300757199525833,"z":0.010158795863389969,"w":-0.6767430305480957},"size":0.5185015201568604,"orthographic":false}