{"cameraMode":{"drawMode":0,"name":"Shaded","section":"Shading Mode"},"sceneLighting":true,"audioPlay":false,"sceneViewState":{"showFog":false,"showMaterialUpdate":false,"showSkybox":false,"showFlares":false,"showImageEffects":false,"showParticleSystems":false},"in2DMode":false,"pivot":{"x":5.655098915100098,"y":1.4727938175201417,"z":-0.7471590042114258},"rotation":{"x":0.22953054308891297,"y":-0.28412100672721865,"z":0.07023520767688751,"w":0.9282758235931397},"size":8.19135570526123,"orthographic":false}