{"cameraMode":{"drawMode":0,"name":"Shaded","section":"Shading Mode"},"sceneLighting":true,"audioPlay":false,"sceneViewState":{"showFog":true,"showMaterialUpdate":false,"showSkybox":true,"showFlares":true,"showImageEffects":true,"showParticleSystems":true},"in2DMode":false,"pivot":{"x":32.48979568481445,"y":-14.373655319213868,"z":2.4733543395996095},"rotation":{"x":-0.6877069473266602,"y":-0.009998698718845845,"z":0.00947391614317894,"w":-0.7258834838867188},"size":22.0,"orthographic":false}