{"cameraMode":{"drawMode":0,"name":"Shaded","section":"Shading Mode"},"sceneLighting":true,"audioPlay":false,"sceneViewState":{"showFog":false,"showMaterialUpdate":false,"showSkybox":false,"showFlares":false,"showImageEffects":false,"showParticleSystems":false},"in2DMode":false,"pivot":{"x":33.499759674072269,"y":-10.201336860656739,"z":0.726560115814209},"rotation":{"x":0.7165241837501526,"y":-0.010718305595219136,"z":0.010941367596387864,"w":0.6974329352378845},"size":19.30088233947754,"orthographic":false}