{"cameraMode":{"drawMode":0,"name":"Shaded","section":"Shading Mode"},"sceneLighting":true,"audioPlay":false,"sceneViewState":{"showFog":false,"showMaterialUpdate":false,"showSkybox":false,"showFlares":false,"showImageEffects":false,"showParticleSystems":false},"in2DMode":false,"pivot":{"x":-0.8103492856025696,"y":-29.780027389526368,"z":-10.700189590454102},"rotation":{"x":-0.025068052113056184,"y":0.8240371346473694,"z":-0.5648418068885803,"w":-0.03659254312515259},"size":35.614620208740237,"orthographic":false}