{"cameraMode":{"drawMode":0,"name":"Shaded","section":"Shading Mode"},"sceneLighting":false,"audioPlay":false,"sceneViewState":{"showFog":true,"showMaterialUpdate":false,"showSkybox":false,"showFlares":true,"showImageEffects":true,"showParticleSystems":true},"in2DMode":false,"pivot":{"x":5.010068416595459,"y":1.0896327495574952,"z":31.818025588989259},"rotation":{"x":0.019329506903886796,"y":0.6519238948822022,"z":-0.016627680510282518,"w":0.7578558921813965},"size":22.0,"orthographic":false}