{"cameraMode":{"drawMode":0,"name":"Shaded","section":"Shading Mode"},"sceneLighting":true,"audioPlay":false,"sceneViewState":{"showFog":true,"showMaterialUpdate":false,"showSkybox":true,"showFlares":true,"showImageEffects":true,"showParticleSystems":true},"in2DMode":false,"pivot":{"x":18.444377899169923,"y":-14.576333999633789,"z":19.591655731201173},"rotation":{"x":0.2709099352359772,"y":0.6761931777000427,"z":-0.29663097858428957,"w":0.6175627112388611},"size":22.0,"orthographic":false}