{"cameraMode":{"drawMode":0,"name":"Shaded","section":"Shading Mode"},"sceneLighting":true,"audioPlay":false,"sceneViewState":{"showFog":false,"showMaterialUpdate":false,"showSkybox":false,"showFlares":false,"showImageEffects":false,"showParticleSystems":false},"in2DMode":false,"pivot":{"x":34.43339157104492,"y":2.8729002475738527,"z":5.585857391357422},"rotation":{"x":0.04037667438387871,"y":-0.9275147914886475,"z":0.35644248127937319,"w":0.10506589710712433},"size":0.5221385955810547,"orthographic":false}