{"cameraMode":{"drawMode":0,"name":"Shaded","section":"Shading Mode"},"sceneLighting":true,"audioPlay":false,"sceneViewState":{"showFog":false,"showMaterialUpdate":false,"showSkybox":false,"showFlares":false,"showImageEffects":false,"showParticleSystems":false},"in2DMode":false,"pivot":{"x":44.09225845336914,"y":6.585457801818848,"z":19.435068130493165},"rotation":{"x":0.4849644601345062,"y":-0.3468334972858429,"z":0.2175774723291397,"w":0.7728022336959839},"size":0.6505010724067688,"orthographic":false}