{"cameraMode":{"drawMode":0,"name":"Shaded","section":"Shading Mode"},"sceneLighting":true,"audioPlay":false,"sceneViewState":{"showFog":false,"showMaterialUpdate":false,"showSkybox":false,"showFlares":false,"showImageEffects":false,"showParticleSystems":false},"in2DMode":false,"pivot":{"x":30.53292465209961,"y":-0.13591623306274415,"z":-0.016962319612503053},"rotation":{"x":0.2752566933631897,"y":-0.686549961566925,"z":0.3184077739715576,"w":0.592995285987854},"size":0.904373824596405,"orthographic":false}