{"cameraMode":{"drawMode":0,"name":"Shaded","section":"Shading Mode"},"sceneLighting":true,"audioPlay":false,"sceneViewState":{"showFog":false,"showMaterialUpdate":false,"showSkybox":false,"showFlares":false,"showImageEffects":false,"showParticleSystems":false},"in2DMode":false,"pivot":{"x":32.11571502685547,"y":6.8736772537231449,"z":-0.37389275431632998},"rotation":{"x":0.5970447063446045,"y":-0.013518217951059342,"z":0.0100018922239542,"w":0.802062451839447},"size":0.6505010724067688,"orthographic":false}