{"cameraMode":{"drawMode":0,"name":"Shaded","section":"Shading Mode"},"sceneLighting":true,"audioPlay":false,"sceneViewState":{"showFog":false,"showMaterialUpdate":false,"showSkybox":false,"showFlares":false,"showImageEffects":false,"showParticleSystems":false},"in2DMode":false,"pivot":{"x":4.912841320037842,"y":2.3381316661834719,"z":1.9749947786331177},"rotation":{"x":-0.03167695924639702,"y":0.9158042669296265,"z":-0.3935813307762146,"w":-0.07377476245164871},"size":4.961602687835693,"orthographic":false}