{"cameraMode":{"drawMode":0,"name":"Shaded","section":"Shading Mode"},"sceneLighting":true,"audioPlay":false,"sceneViewState":{"showFog":false,"showMaterialUpdate":false,"showSkybox":false,"showFlares":false,"showImageEffects":false,"showParticleSystems":false},"in2DMode":false,"pivot":{"x":29.14999771118164,"y":11.270630836486817,"z":-1.833938717842102},"rotation":{"x":0.485843300819397,"y":0.5131274461746216,"z":-0.47750312089920046,"w":0.5222014784812927},"size":0.6505010724067688,"orthographic":false}