{"cameraMode":{"drawMode":0,"name":"Shaded","section":"Shading Mode"},"sceneLighting":true,"audioPlay":false,"sceneViewState":{"showFog":false,"showMaterialUpdate":false,"showSkybox":false,"showFlares":false,"showImageEffects":false,"showParticleSystems":false},"in2DMode":false,"pivot":{"x":33.118736267089847,"y":-7.730541229248047,"z":2.4521703720092775},"rotation":{"x":-0.3838018774986267,"y":0.007031506393104792,"z":-0.0027255131863057615,"w":-0.9234495162963867},"size":19.30088233947754,"orthographic":false}