{"cameraMode":{"drawMode":0,"name":"Shaded","section":"Shading Mode"},"sceneLighting":true,"audioPlay":false,"sceneViewState":{"showFog":true,"showMaterialUpdate":false,"showSkybox":true,"showFlares":true,"showImageEffects":true,"showParticleSystems":true},"in2DMode":false,"pivot":{"x":-78.99480438232422,"y":-194.90579223632813,"z":10.291647911071778},"rotation":{"x":-0.391049325466156,"y":0.5759847164154053,"z":-0.3637731969356537,"w":-0.618943452835083},"size":219.53134155273438,"orthographic":false}