{"cameraMode":{"drawMode":0,"name":"Shaded","section":"Shading Mode"},"sceneLighting":true,"audioPlay":false,"sceneViewState":{"showFog":false,"showMaterialUpdate":false,"showSkybox":false,"showFlares":false,"showImageEffects":false,"showParticleSystems":false},"in2DMode":false,"pivot":{"x":9.390948295593262,"y":1.9750009775161744,"z":2.361654758453369},"rotation":{"x":-0.017092185094952585,"y":0.9645321369171143,"z":-0.25544965267181399,"w":-0.06460141390562058},"size":0.4356894791126251,"orthographic":false}