{"cameraMode":{"drawMode":0,"name":"Shaded","section":"Shading Mode"},"sceneLighting":true,"audioPlay":false,"sceneViewState":{"showFog":true,"showMaterialUpdate":false,"showSkybox":true,"showFlares":true,"showImageEffects":true,"showParticleSystems":true},"in2DMode":false,"pivot":{"x":28.907814025878908,"y":-0.4554714560508728,"z":20.214719772338868},"rotation":{"x":0.03811219334602356,"y":0.5120767951011658,"z":-0.022745056077837945,"w":0.857796847820282},"size":14.885608673095704,"orthographic":false}