{"cameraMode":{"drawMode":0,"name":"Shaded","section":"Shading Mode"},"sceneLighting":true,"audioPlay":false,"sceneViewState":{"showFog":false,"showMaterialUpdate":false,"showSkybox":false,"showFlares":false,"showImageEffects":false,"showParticleSystems":false},"in2DMode":false,"pivot":{"x":32.02280807495117,"y":-11.355751037597657,"z":2.587650775909424},"rotation":{"x":-0.6790103316307068,"y":0.0028621279634535314,"z":-0.002684503560885787,"w":-0.7341516613960266},"size":18.989912033081056,"orthographic":false}